file_name,tag_1,tag_2,tag_3,tag_4,tag_5,tag_6,tag_7,tag_8,tag_9,tag_10,tag_11,tag_12,tag_13,tag_14,tag_15,tag_16,tag_17,tag_18,tag_19,tag_20
610349.png,39-5094.00,,,,,,,,,,,,,,,,,,,
751066.jpg,39-7012.00,,,,,,,,,,,,,,,,,,,
630815.png,41-3041.00,,,,,,,,,,,,,,,,,,,
679326.png,39-6012.00,,,,,,,,,,,,,,,,,,,
611088.jpg,29-1141.00,,,,,,,,,,,,,,,,,,,
753650.jpg,39-7012.00,,,,,,,,,,,,,,,,,,,
723295.png,49-9071.00,,,,,,,,,,,,,,,,,,,
629425.png,41-3041.00,41-3041.00,41-3041.00,41-3041.00,13-2011.00,,,,,,,,,,,,,,,
603241.jpg,35-1012.00,11-9051.00,35-3031.00,35-3031.00,35-9011.00,35-9011.00,,,,,,,,,,,,,,
686443.png,37-1011.00,,,,,,,,,,,,,,,,,,,
623002.png,39-5094.00,,,,,,,,,,,,,,,,,,,
732431.jpg,41-3041.00,,,,,,,,,,,,,,,,,,,
734111.jpg,41-3041.00,,,,,,,,,,,,,,,,,,,
640436.png,41-3041.00,,,,,,,,,,,,,,,,,,,
749379.jpg,39-7012.00,,,,,,,,,,,,,,,,,,,
742420.jpg,39-7012.00,,,,,,,,,,,,,,,,,,,
750966.jpg,39-7012.00,,,,,,,,,,,,,,,,,,,
667942.png,41-3041.00,,,,,,,,,,,,,,,,,,,
726873.png,11-9051.00,35-3031.00,,,,,,,,,,,,,,,,,,
727854.jpg,41-3041.00,,,,,,,,,,,,,,,,,,,
697964.jpg,11-9051.00,,,,,,,,,,,,,,,,,,,
742792.jpg,39-7012.00,,,,,,,,,,,,,,,,,,,
604346.png,41-3041.00,,,,,,,,,,,,,,,,,,,
602087.png,41-3041.00,,,,,,,,,,,,,,,,,,,
603535.png,41-3041.00,43-4171.00,43-6011.00,,,,,,,,,,,,,,,,,
725161.jpg,37-1011.00,,,,,,,,,,,,,,,,,,,
729542.png,41-3041.00,,,,,,,,,,,,,,,,,,,
607178.png,41-3041.00,41-3041.00,41-3041.00,41-3041.00,,,,,,,,,,,,,,,,
714751.png,41-3041.00,,,,,,,,,,,,,,,,,,,
718099.jpg,11-2021.00,,,,,,,,,,,,,,,,,,,
620549.jpg,49-1011.00,47-2111.00,17-3023.00,49-9021.00,39-3091.00,47-2152.00,,,,,,,,,,,,,,
610549.jpg,41-3041.00,,,,,,,,,,,,,,,,,,,
636567.jpg,41-3041.00,,,,,,,,,,,,,,,,,,,
730353.jpg,11-9081.00,,,,,,,,,,,,,,,,,,,
676313.png,41-3041.00,15-1254.00,,,,,,,,,,,,,,,,,,
706911.png,37-1011.00,,,,,,,,,,,,,,,,,,,
697977.png,41-3041.00,,,,,,,,,,,,,,,,,,,
677504.jpg,11-3051.01,,,,,,,,,,,,,,,,,,,
638047.png,11-2021.00,,,,,,,,,,,,,,,,,,,
603707.jpg,37-2012.00,39-6012.00,35-3031.00,35-9031.00,35-3011.00,35-1012.00,,,,,,,,,,,,,,
720623.jpg,11-3071.04,,,,,,,,,,,,,,,,,,,
739887.png,31-9011.00,,,,,,,,,,,,,,,,,,,
627240.png,39-7012.00,,,,,,,,,,,,,,,,,,,
623624.png,41-3041.00,,,,,,,,,,,,,,,,,,,
687458.jpg,41-3041.00,,,,,,,,,,,,,,,,,,,
720239.png,11-9081.00,,,,,,,,,,,,,,,,,,,
736323.png,39-7012.00,,,,,,,,,,,,,,,,,,,
708941.jpg,41-3041.00,,,,,,,,,,,,,,,,,,,
732419.png,35-2021.00,35-3031.00,41-2031.00,37-2012.00,,,,,,,,,,,,,,,,
604381.jpg,35-9011.00,,,,,,,,,,,,,,,,,,,
629133.jpg,39-6012.00,,,,,,,,,,,,,,,,,,,
723822.png,11-9081.00,,,,,,,,,,,,,,,,,,,
667469.JPG,35-1011.00,,,,,,,,,,,,,,,,,,,
671072.png,41-3041.00,,,,,,,,,,,,,,,,,,,
688904.png,41-3041.00,,,,,,,,,,,,,,,,,,,
632154.png,39-7012.00,,,,,,,,,,,,,,,,,,,
669676.png,41-3041.00,,,,,,,,,,,,,,,,,,,
742405.png,13-1121.00,,,,,,,,,,,,,,,,,,,
662075.jpg,11-3071.00,,,,,,,,,,,,,,,,,,,
614746.jpg,39-6012.00,,,,,,,,,,,,,,,,,,,
646510.png,43-6014.00,43-3031.00,41-3041.00,41-3041.00,15-1251.00,43-4181.00,11-9179.00,,,,,,,,,,,,,
637125.png,41-3041.00,,,,,,,,,,,,,,,,,,,
729672.jpg,11-9179.02,,,,,,,,,,,,,,,,,,,
694601.png,41-3041.00,,,,,,,,,,,,,,,,,,,
673488.png,41-3041.00,,,,,,,,,,,,,,,,,,,
602198.png,41-3041.00,,,,,,,,,,,,,,,,,,,
737084.jpg,39-7012.00,,,,,,,,,,,,,,,,,,,
702065.png,41-3041.00,,,,,,,,,,,,,,,,,,,
673567.jpg,,,,,,,,,,,,,,,,,,,,
609185.png,41-3041.00,,,,,,,,,,,,,,,,,,,
732234.png,41-3041.00,,,,,,,,,,,,,,,,,,,
677710.png,41-3041.00,,,,,,,,,,,,,,,,,,,
703693.png,41-3041.00,41-3041.00,41-3041.00,41-3041.00,,,,,,,,,,,,,,,,
626080.png,11-3013.00,11-9051.00,11-3131.00,11-9051.00,,,,,,,,,,,,,,,,
627707.png,41-3041.00,,,,,,,,,,,,,,,,,,,
613056.png,41-3041.00,,,,,,,,,,,,,,,,,,,
746586.jpg,35-3031.00,,,,,,,,,,,,,,,,,,,
623098.jpg,41-3041.00,,,,,,,,,,,,,,,,,,,
617962.png,41-3041.00,,,,,,,,,,,,,,,,,,,
733109.jpg,35-1011.00,,,,,,,,,,,,,,,,,,,
708715.jpg,11-9051.00,,,,,,,,,,,,,,,,,,,
697959.jpg,35-1012.00,,,,,,,,,,,,,,,,,,,
665791.jpg,35-9011.00,,,,,,,,,,,,,,,,,,,
742964.png,41-3011.00,,,,,,,,,,,,,,,,,,,
728521.jpg,41-3041.00,,,,,,,,,,,,,,,,,,,
742060.jpg,41-3041.00,,,,,,,,,,,,,,,,,,,
610026.jpg,11-9141.00,11-9041.00,,,,,,,,,,,,,,,,,,
690283.png,41-3041.00,41-3041.00,41-3041.00,43-6011.00,,,,,,,,,,,,,,,,
760543.jpg,,,,,,,,,,,,,,,,,,,,
635024.png,11-1021.00,,,,,,,,,,,,,,,,,,,
716599.jpg,37-1011.00,,,,,,,,,,,,,,,,,,,
728356.png,11-2022.00,,,,,,,,,,,,,,,,,,,
633296.jpg,41-3041.00,,,,,,,,,,,,,,,,,,,
747668.png,37-2012.00,,,,,,,,,,,,,,,,,,,
726400.png,41-3041.00,,,,,,,,,,,,,,,,,,,
671543.png,11-9081.00,,,,,,,,,,,,,,,,,,,
721806.jpg,,,,,,,,,,,,,,,,,,,,
750315.jpg,39-7012.00,,,,,,,,,,,,,,,,,,,
690357.png,41-3041.00,41-3041.00,,,,,,,,,,,,,,,,,,
728913.jpg,43-1011.00,,,,,,,,,,,,,,,,,,,
659310.jpg,11-2021.00,,,,,,,,,,,,,,,,,,,
738309.png,11-2021.00,,,,,,,,,,,,,,,,,,,
732064.jpg,11-9051.00,,,,,,,,,,,,,,,,,,,
756905.png,11-3013.00,,,,,,,,,,,,,,,,,,,
719504.jpg,,,,,,,,,,,,,,,,,,,,
726707.jpg,11-2021.00,,,,,,,,,,,,,,,,,,,
704084.png,37-1011.00,,,,,,,,,,,,,,,,,,,
709331.png,43-4081.00,,,,,,,,,,,,,,,,,,,
626504.jpg,41-3041.00,,,,,,,,,,,,,,,,,,,
608941.png,27-3043.00,,,,,,,,,,,,,,,,,,,
739865.png,41-3041.00,,,,,,,,,,,,,,,,,,,
735514.png,11-2021.00,,,,,,,,,,,,,,,,,,,
732895.png,41-3041.00,,,,,,,,,,,,,,,,,,,
698747.png,41-3041.00,,,,,,,,,,,,,,,,,,,
747557.png,39-7012.00,,,,,,,,,,,,,,,,,,,
703438.png,43-4081.00,,,,,,,,,,,,,,,,,,,
748072.png,11-9081.00,,,,,,,,,,,,,,,,,,,
713288.jpg,35-1011.00,,,,,,,,,,,,,,,,,,,
664117.jpg,37-2012.00,37-1011.00,37-1011.00,37-2012.00,37-1011.00,37-2012.00,37-2012.00,51-6052.00,,,,,,,,,,,,
605167.png,37-2012.00,49-9071.00,37-1011.00,35-2014.00,,,,,,,,,,,,,,,,
669531.png,43-1011.00,,,,,,,,,,,,,,,,,,,
691040.jpg,,,,,,,,,,,,,,,,,,,,
689476.png,35-1011.00,35-2014.00,35-1011.00,11-2011.00,43-1011.00,,,,,,,,,,,,,,,
629670.png,11-9081.00,,,,,,,,,,,,,,,,,,,
711969.png,43-4081.00,,,,,,,,,,,,,,,,,,,
753462.jpg,35-3031.00,,,,,,,,,,,,,,,,,,,
728180.png,41-3041.00,,,,,,,,,,,,,,,,,,,
703039.png,19-5011.00,,,,,,,,,,,,,,,,,,,
676091.jpg,11-1021.00,,,,,,,,,,,,,,,,,,,
717163.jpg,11-2021.00,,,,,,,,,,,,,,,,,,,
615668.jpg,39-6012.00,,,,,,,,,,,,,,,,,,,
681641.png,41-3041.00,,,,,,,,,,,,,,,,,,,
717508.png,41-3041.00,,,,,,,,,,,,,,,,,,,
741672.png,41-3041.00,,,,,,,,,,,,,,,,,,,
704470.png,41-3041.00,,,,,,,,,,,,,,,,,,,
661197.png,11-2022.00,,,,,,,,,,,,,,,,,,,
632821.jpg,41-3041.00,,,,,,,,,,,,,,,,,,,
723900.png,41-3041.00,,,,,,,,,,,,,,,,,,,
748736.png,41-3041.00,43-4171.00,41-3041.00,37-2011.00,,,,,,,,,,,,,,,,
697647.png,41-3041.00,41-3041.00,,,,,,,,,,,,,,,,,,
689928.jpg,11-2021.00,,,,,,,,,,,,,,,,,,,
602059.jpg,41-9099.00,,,,,,,,,,,,,,,,,,,
623206.jpg,11-3131.00,,,,,,,,,,,,,,,,,,,
636576.jpg,11-2021.00,,,,,,,,,,,,,,,,,,,
743198.png,19-1032.00,19-1031.03,43-6014.00,,,,,,,,,,,,,,,,,
717178.jpg,41-4012.00,,,,,,,,,,,,,,,,,,,
728264.png,39-6012.00,,,,,,,,,,,,,,,,,,,
724438.jpg,11-9081.00,,,,,,,,,,,,,,,,,,,
683215.png,11-9051.00,,,,,,,,,,,,,,,,,,,
675928.png,11-9051.00,,,,,,,,,,,,,,,,,,,
625795.jpg,49-9071.00,39-6011.00,39-6012.00,,,,,,,,,,,,,,,,,
713732.png,51-3011.00,,,,,,,,,,,,,,,,,,,
607302.png,41-3041.00,,,,,,,,,,,,,,,,,,,
712445.png,41-3041.00,,,,,,,,,,,,,,,,,,,
620536.jpg,35-3011.00,35-1012.00,,,,,,,,,,,,,,,,,,
750466.jpg,39-7012.00,,,,,,,,,,,,,,,,,,,
602927.jpg,41-3041.00,,,,,,,,,,,,,,,,,,,
610573.png,41-3041.00,,,,,,,,,,,,,,,,,,,
735743.png,41-3041.00,,,,,,,,,,,,,,,,,,,
612975.jpg,11-9081.00,,,,,,,,,,,,,,,,,,,
727343.jpg,41-3041.00,,,,,,,,,,,,,,,,,,,
738070.png,41-3041.00,,,,,,,,,,,,,,,,,,,
662399.jpg,11-9041.00,,,,,,,,,,,,,,,,,,,
749544.jpg,41-3041.00,,,,,,,,,,,,,,,,,,,
675516.png,41-3041.00,,,,,,,,,,,,,,,,,,,
716297.png,43-4051.00,39-3021.00,35-9011.00,,,,,,,,,,,,,,,,,
725354.png,41-3041.00,,,,,,,,,,,,,,,,,,,
616614.png,41-3041.00,,,,,,,,,,,,,,,,,,,
700919.jpg,41-3041.00,,,,,,,,,,,,,,,,,,,
745699.png,41-3041.00,,,,,,,,,,,,,,,,,,,
626009.png,41-3041.00,41-3011.00,,,,,,,,,,,,,,,,,,
636697.png,39-5094.00,,,,,,,,,,,,,,,,,,,
685599.png,11-9179.00,,,,,,,,,,,,,,,,,,,
710724.jpg,11-2021.00,,,,,,,,,,,,,,,,,,,
637925.png,41-3041.00,,,,,,,,,,,,,,,,,,,
618679.png,41-3041.00,,,,,,,,,,,,,,,,,,,
606955.png,11-2021.00,,,,,,,,,,,,,,,,,,,
641265.png,39-6012.00,35-3031.00,,,,,,,,,,,,,,,,,,
625759.png,41-3041.00,,,,,,,,,,,,,,,,,,,
663038.jpg,35-9031.00,,,,,,,,,,,,,,,,,,,
756843.jpg,,,,,,,,,,,,,,,,,,,,
670117.jpg,35-9011.00,,,,,,,,,,,,,,,,,,,
602656.png,41-3041.00,,,,,,,,,,,,,,,,,,,
695573.JPG,43-4081.00,,,,,,,,,,,,,,,,,,,
750997.jpg,35-3031.00,,,,,,,,,,,,,,,,,,,
636995.png,41-3041.00,,,,,,,,,,,,,,,,,,,
686072.jpg,35-1011.00,,,,,,,,,,,,,,,,,,,
618246.jpg,41-3041.00,,,,,,,,,,,,,,,,,,,
725511.png,35-2014.00,37-2012.00,,,,,,,,,,,,,,,,,,
749780.jpg,39-7012.00,,,,,,,,,,,,,,,,,,,
717217.png,11-2022.00,,,,,,,,,,,,,,,,,,,
691631.png,11-9199.00,41-3041.00,41-3041.00,,,,,,,,,,,,,,,,,
629265.jpg,35-2014.00,35-2015.00,35-2015.00,35-2021.00,35-2021.00,35-2015.00,35-2021.00,35-9099.00,35-9099.00,35-2021.00,35-2021.00,35-2021.00,35-9021.00,,,,,,,
693024.png,41-3041.00,,,,,,,,,,,,,,,,,,,
749817.jpg,41-3041.00,,,,,,,,,,,,,,,,,,,
744272.jpg,39-7012.00,,,,,,,,,,,,,,,,,,,
708862.png,43-9061.00,,,,,,,,,,,,,,,,,,,
685266.png,37-3011.00,37-2012.00,,,,,,,,,,,,,,,,,,
618173.jpg,41-3041.00,,,,,,,,,,,,,,,,,,,
712229.jpg,41-3041.00,,,,,,,,,,,,,,,,,,,
751238.jpg,39-7012.00,,,,,,,,,,,,,,,,,,,
643436.png,11-9081.00,35-1011.00,,,,,,,,,,,,,,,,,,
636519.png,17-3011.00,17-2051.00,,,,,,,,,,,,,,,,,,
681901.jpg,13-1161.01,,,,,,,,,,,,,,,,,,,
663373.png,11-9081.00,,,,,,,,,,,,,,,,,,,
708768.jpg,11-2021.00,,,,,,,,,,,,,,,,,,,
752333.jpg,39-7012.00,,,,,,,,,,,,,,,,,,,
703637.jpg,41-3041.00,,,,,,,,,,,,,,,,,,,
714092.png,39-7012.00,,,,,,,,,,,,,,,,,,,
678469.jpg,11-1021.00,,,,,,,,,,,,,,,,,,,
742294.jpg,39-7012.00,,,,,,,,,,,,,,,,,,,
750860.png,13-2011.00,,,,,,,,,,,,,,,,,,,
626570.jpg,35-1012.00,11-9051.00,35-3031.00,35-9099.00,35-9011.00,35-9011.00,,,,,,,,,,,,,,
607659.png,41-3041.00,,,,,,,,,,,,,,,,,,,
676908.png,27-3031.00,,,,,,,,,,,,,,,,,,,
742325.png,11-9051.00,,,,,,,,,,,,,,,,,,,
698973.png,41-3041.00,,,,,,,,,,,,,,,,,,,
692412.jpg,11-9081.00,,,,,,,,,,,,,,,,,,,
654373.jpg,43-3099.00,,,,,,,,,,,,,,,,,,,
666012.png,41-3041.00,,,,,,,,,,,,,,,,,,,
687265.png,27-3091.00,,,,,,,,,,,,,,,,,,,
624595.png,43-4181.00,,,,,,,,,,,,,,,,,,,
628610.png,41-3041.00,43-4181.00,,,,,,,,,,,,,,,,,,
602137.png,41-3041.00,,,,,,,,,,,,,,,,,,,
716531.jpg,11-9081.00,,,,,,,,,,,,,,,,,,,
736850.jpg,41-3041.00,,,,,,,,,,,,,,,,,,,
737142.jpg,39-7012.00,,,,,,,,,,,,,,,,,,,
745696.png,41-3041.00,,,,,,,,,,,,,,,,,,,
629486.jpg,35-1012.00,11-9051.00,35-3031.00,35-9099.00,35-9011.00,35-9011.00,,,,,,,,,,,,,,
683926.jpg,NA,,,,,,,,,,,,,,,,,,,
608438.jpg,11-3121.00,,,,,,,,,,,,,,,,,,,
701671.png,41-3041.00,,,,,,,,,,,,,,,,,,,
724560.jpg,,,,,,,,,,,,,,,,,,,,
729008.jpg,19-5011.00,,,,,,,,,,,,,,,,,,,
626425.jpg,35-1012.00,35-3011.00,,,,,,,,,,,,,,,,,,
723060.png,41-3041.00,,,,,,,,,,,,,,,,,,,
674320.png,41-4012.00,,,,,,,,,,,,,,,,,,,
629502.jpg,49-9071.00,39-6011.00,39-6012.00,,,,,,,,,,,,,,,,,
665161.png,41-3041.00,,,,,,,,,,,,,,,,,,,
749724.png,43-4181.00,,,,,,,,,,,,,,,,,,,
683529.png,41-3041.00,,,,,,,,,,,,,,,,,,,
722672.png,41-3041.00,,,,,,,,,,,,,,,,,,,
675436.jpg,35-1011.00,,,,,,,,,,,,,,,,,,,
627281.png,41-3041.00,,,,,,,,,,,,,,,,,,,
687565.jpg,11-9081.00,,,,,,,,,,,,,,,,,,,
720810.png,37-1011.00,,,,,,,,,,,,,,,,,,,
701829.png,41-3041.00,,,,,,,,,,,,,,,,,,,
736709.png,27-1024.00,41-3041.00,39-7012.00,,,,,,,,,,,,,,,,,
611583.png,49-9071.00,,,,,,,,,,,,,,,,,,,
609741.png,11-9081.00,,,,,,,,,,,,,,,,,,,
715697.jpg,11-2021.00,,,,,,,,,,,,,,,,,,,
738660.jpg,41-3041.00,,,,,,,,,,,,,,,,,,,
720548.png,43-4171.00,37-2012.00,37-2011.00,49-9071.00,,,,,,,,,,,,,,,,
627800.jpg,41-3041.00,,,,,,,,,,,,,,,,,,,
735939.png,37-2012.00,,,,,,,,,,,,,,,,,,,
725631.png,39-6012.00,35-3031.00,43-3031.00,35-1012.00,35-9031.00,11-9081.00,,,,,,,,,,,,,,
621738.png,41-3041.00,,,,,,,,,,,,,,,,,,,
687282.png,41-3011.00,,,,,,,,,,,,,,,,,,,
749711.jpg,41-3041.00,,,,,,,,,,,,,,,,,,,
677290.png,41-3041.00,,,,,,,,,,,,,,,,,,,
692845.png,43-4181.00,,,,,,,,,,,,,,,,,,,
627708.png,41-3041.00,,,,,,,,,,,,,,,,,,,
613091.png,13-1161.01,,,,,,,,,,,,,,,,,,,
749919.jpg,41-3041.00,,,,,,,,,,,,,,,,,,,
634835.jpg,41-3041.00,,,,,,,,,,,,,,,,,,,
687564.jpg,11-9051.00,,,,,,,,,,,,,,,,,,,
709703.jpg,41-3041.00,,,,,,,,,,,,,,,,,,,
609234.png,41-3041.00,,,,,,,,,,,,,,,,,,,
635807.jpg,41-3041.00,,,,,,,,,,,,,,,,,,,
730365.jpg,15-2051.01,,,,,,,,,,,,,,,,,,,
626905.png,41-3041.00,,,,,,,,,,,,,,,,,,,
715323.png,39-6012.00,43-4171.00,43-9061.00,43-6011.00,,,,,,,,,,,,,,,,
725144.png,41-3041.00,41-3041.00,,,,,,,,,,,,,,,,,,
673109.jpg,43-4081.00,39-6012.00,39-6012.00,35-9031.00,37-2011.00,37-2011.00,37-2011.00,37-2011.00,35-1011.00,47-2141.00,29-1141.00,,43-3099.00,,,,,,,
677481.jpg,11-1021.00,,,,,,,,,,,,,,,,,,,
680442.png,11-9081.00,,,,,,,,,,,,,,,,,,,
695535.png,41-3041.00,,,,,,,,,,,,,,,,,,,
670374.png,13-1121.00,,,,,,,,,,,,,,,,,,,
743440.jpg,13-1121.00,,,,,,,,,,,,,,,,,,,
743135.png,41-3041.00,,,,,,,,,,,,,,,,,,,
727692.jpg,41-3041.00,,,,,,,,,,,,,,,,,,,
668474.png,43-4171.00,35-3011.00,35-3031.00,35-2021.00,35-1012.00,35-9021.00,37-2012.00,39-3093.00,,,,,,,,,,,,
602676.png,41-3041.00,,,,,,,,,,,,,,,,,,,
618814.png,41-3041.00,,,,,,,,,,,,,,,,,,,
669867.png,13-1071.00,35-9031.00,35-3031.00,35-9031.00,39-6012.00,49-9071.00,49-9071.00,51-1011.00,37-2012.00,,,,,,,,,,,
706977.png,41-3041.00,,,,,,,,,,,,,,,,,,,
696905.png,43-4051.00,,,,,,,,,,,,,,,,,,,
735811.jpg,41-3041.00,,,,,,,,,,,,,,,,,,,
737476.jpg,35-1012.00,,,,,,,,,,,,,,,,,,,
745212.jpg,39-7012.00,,,,,,,,,,,,,,,,,,,
697667.jpg,19-5011.00,,,,,,,,,,,,,,,,,,,
732202.png,35-1011.00,,,,,,,,,,,,,,,,,,,
653998.png,49-9071.00,35-1011.00,13-1161.01,47-2031.00,35-2021.00,11-9081.00,39-6012.00,35-3031.00,39-9031.00,,,,,,,,,,,
672978.png,11-9081.00,,,,,,,,,,,,,,,,,,,
725328.png,31-9011.00,,,,,,,,,,,,,,,,,,,
621956.png,41-3041.00,,,,,,,,,,,,,,,,,,,
618484.png,41-3011.00,,,,,,,,,,,,,,,,,,,
695372.png,39-5094.00,11-9179.02,37-1012.00,39-6012.00,,,,,,,,,,,,,,,,
686611.png,41-3041.00,43-4161.00,,,,,,,,,,,,,,,,,,
730945.jpg,35-1011.00,,,,,,,,,,,,,,,,,,,
736570.jpg,43-1011.00,,,,,,,,,,,,,,,,,,,
611600.png,43-4181.00,,,,,,,,,,,,,,,,,,,
754975.jpg,37-2012.00,49-9071.00,37-2011.00,,,,,,,,,,,,,,,,,
736037.jpg,41-3041.00,,,,,,,,,,,,,,,,,,,
682013.png,11-2021.00,,,,,,,,,,,,,,,,,,,
615753.png,41-3041.00,,,,,,,,,,,,,,,,,,,
661145.png,41-3041.00,,,,,,,,,,,,,,,,,,,
751395.JPG,35-1011.00,,,,,,,,,,,,,,,,,,,
738137.jpg,11-9051.00,11-9051.00,35-9031.00,43-4171.00,11-3131.00,13-1151.00,,,,,,,,,,,,,,
627552.png,41-3041.00,41-3041.00,,,,,,,,,,,,,,,,,,
637167.png,39-7012.00,,,,,,,,,,,,,,,,,,,
627272.png,41-3041.00,41-3041.00,43-4181.00,43-4171.00,,,,,,,,,,,,,,,,
723364.png,39-9031.00,,,,,,,,,,,,,,,,,,,
720560.jpg,41-3041.00,,,,,,,,,,,,,,,,,,,
721017.jpg,37-1011.00,,,,,,,,,,,,,,,,,,,
711544.jpg,41-3041.00,,,,,,,,,,,,,,,,,,,
673083.png,41-3041.00,41-3041.00,,,,,,,,,,,,,,,,,,
685755.png,41-3041.00,,,,,,,,,,,,,,,,,,,
603057.png,11-1021.00,,,,,,,,,,,,,,,,,,,
611850.png,49-9071.00,,,,,,,,,,,,,,,,,,,
664119.jpg,49-9071.00,49-1011.00,43-4199.00,51-8013.00,17-3023.00,47-2111.00,47-2152.00,49-9021.00,47-2141.00,47-2031.00,,,,,,,,,,
710497.jpg,37-2012.00,49-9071.00,,,,,,,,,,,,,,,,,,
605864.png,35-3031.00,,,,,,,,,,,,,,,,,,,
706354.png,41-3041.00,,,,,,,,,,,,,,,,,,,
715435.png,41-3041.00,41-3011.00,,,,,,,,,,,,,,,,,,
641195.jpg,11-2032.00,,,,,,,,,,,,,,,,,,,
712364.jpg,35-1011.00,,,,,,,,,,,,,,,,,,,
524259.jpg,39-6012.00,,,,,,,,,,,,,,,,,,,
744796.jpg,39-7012.00,,,,,,,,,,,,,,,,,,,
630114.jpg,41-3041.00,,,,,,,,,,,,,,,,,,,
695574.JPG,35-1012.00,,,,,,,,,,,,,,,,,,,
620412.png,11-2021.00,,,,,,,,,,,,,,,,,,,
633371.png,11-2022.00,,,,,,,,,,,,,,,,,,,
683194.png,37-2012.00,37-1011.00,,,,,,,,,,,,,,,,,,
648821.png,11-3013.00,11-9051.00,43-4051.00,11-9081.00,,,,,,,,,,,,,,,,
726790.jpg,41-3041.00,,,,,,,,,,,,,,,,,,,
699190.png,41-3041.00,,,,,,,,,,,,,,,,,,,
715476.png,41-3041.00,,,,,,,,,,,,,,,,,,,
741944.png,11-9051.00,,,,,,,,,,,,,,,,,,,
675732.png,41-3041.00,,,,,,,,,,,,,,,,,,,
722194.jpg,13-2011.00,11-9051.00,,,,,,,,,,,,,,,,,,
734966.png,37-1011.00,35-1012.00,,,,,,,,,,,,,,,,,,
676541.png,41-3041.00,,,,,,,,,,,,,,,,,,,
724781.png,11-3071.04,,,,,,,,,,,,,,,,,,,
701239.png,39-7012.00,,,,,,,,,,,,,,,,,,,
680187.jpg,,,,,,,,,,,,,,,,,,,,
688120.png,41-3041.00,,,,,,,,,,,,,,,,,,,
690016.png,11-3012.00,,,,,,,,,,,,,,,,,,,
688877.jpg,11-9081.00,,,,,,,,,,,,,,,,,,,
624040.png,41-3041.00,,,,,,,,,,,,,,,,,,,
713722.png,43-4051.00,,,,,,,,,,,,,,,,,,,
724706.jpg,35-9031.00,,,,,,,,,,,,,,,,,,,
743854.jpg,11-2021.00,,,,,,,,,,,,,,,,,,,
742844.png,17-2051.00,11-9081.00,,,,,,,,,,,,,,,,,,
711033.png,41-3041.00,,,,,,,,,,,,,,,,,,,
615239.png,41-3041.00,11-1021.00,11-1021.00,11-2021.00,,,,,,,,,,,,,,,,
707532.png,41-3041.00,,,,,,,,,,,,,,,,,,,
620276.jpg,39-6012.00,,,,,,,,,,,,,,,,,,,
619593.png,41-3041.00,,,,,,,,,,,,,,,,,,,
726335.png,41-3041.00,,,,,,,,,,,,,,,,,,,
717393.png,39-7012.00,,,,,,,,,,,,,,,,,,,
701055.jpg,11-9081.00,,,,,,,,,,,,,,,,,,,
756885.png,11-9199.02,,,,,,,,,,,,,,,,,,,
749112.jpg,39-7012.00,,,,,,,,,,,,,,,,,,,
674445.png,33-9092.00,,,,,,,,,,,,,,,,,,,
655349.png,41-3041.00,,,,,,,,,,,,,,,,,,,
752898.png,41-3041.00,,,,,,,,,,,,,,,,,,,
605594.jpg,11-9081.00,,,,,,,,,,,,,,,,,,,
693994.png,41-3041.00,,,,,,,,,,,,,,,,,,,
677319.png,37-2012.00,51-6052.00,35-3031.00,35-3011.00,35-3031.00,13-1121.00,11-9051.00,43-9061.00,49-9021.00,47-2111.00,35-2014.00,35-2021.00,35-2021.00,35-2021.00,35-2021.00,35-9021.00,33-9092.00,,,
605979.jpg,41-3041.00,,,,,,,,,,,,,,,,,,,
676850.png,11-2021.00,,,,,,,,,,,,,,,,,,,
714745.png,11-2032.00,,,,,,,,,,,,,,,,,,,
601936.png,11-9081.00,,,,,,,,,,,,,,,,,,,
713465.png,11-9081.00,,,,,,,,,,,,,,,,,,,
724283.png,11-1021.00,,,,,,,,,,,,,,,,,,,
653409.png,41-3041.00,,,,,,,,,,,,,,,,,,,
632356.jpg,35-1011.00,,,,,,,,,,,,,,,,,,,
749543.jpg,41-3041.00,,,,,,,,,,,,,,,,,,,
672874.png,39-5094.00,,,,,,,,,,,,,,,,,,,
691730.png,41-3041.00,41-3041.00,,,,,,,,,,,,,,,,,,
614512.jpg,11-9081.00,,,,,,,,,,,,,,,,,,,
624952.png,41-3041.00,,,,,,,,,,,,,,,,,,,
740044.jpg,39-7012.00,,,,,,,,,,,,,,,,,,,
717357.jpg,11-2021.00,,,,,,,,,,,,,,,,,,,
633333.png,41-3041.00,,,,,,,,,,,,,,,,,,,
716326.jpg,,,,,,,,,,,,,,,,,,,,
719085.png,43-4171.00,,,,,,,,,,,,,,,,,,,
712676.png,41-3041.00,,,,,,,,,,,,,,,,,,,
738847.jpg,15-1232.00,,,,,,,,,,,,,,,,,,,
698433.png,41-3041.00,,,,,,,,,,,,,,,,,,,
672440.png,41-3041.00,,,,,,,,,,,,,,,,,,,
690806.png,37-3011.00,37-2012.00,,,,,,,,,,,,,,,,,,
635391.jpg,43-4181.00,,,,,,,,,,,,,,,,,,,
663388.png,41-3041.00,,,,,,,,,,,,,,,,,,,
625801.jpg,49-9071.00,39-6011.00,39-6012.00,,,,,,,,,,,,,,,,,
739647.png,41-3041.00,,,,,,,,,,,,,,,,,,,
663899.png,11-2021.00,,,,,,,,,,,,,,,,,,,
675482.png,11-2021.00,,,,,,,,,,,,,,,,,,,
661150.png,41-3041.00,,,,,,,,,,,,,,,,,,,
696423.png,41-1011.00,,,,,,,,,,,,,,,,,,,
643047.png,35-3031.00,,,,,,,,,,,,,,,,,,,
612250.png,41-3041.00,13-1161.01,,,,,,,,,,,,,,,,,,
721748.jpg,11-9081.00,,,,,,,,,,,,,,,,,,,
746852.jpg,43-4181.00,,,,,,,,,,,,,,,,,,,
750768.jpg,39-7012.00,,,,,,,,,,,,,,,,,,,
737068.png,41-3041.00,,,,,,,,,,,,,,,,,,,
676206.png,11-2021.00,,,,,,,,,,,,,,,,,,,
686638.jpg,,,,,,,,,,,,,,,,,,,,
690355.jpg,35-3041.00,35-3011.00,35-1011.00,35-2014.00,35-2021.00,37-2012.00,39-6012.00,39-6011.00,49-9071.00,49-9071.00,47-2031.00,,,,,,,,,
701981.jpg,37-1011.00,,,,,,,,,,,,,,,,,,,
727967.jpg,11-9081.00,,,,,,,,,,,,,,,,,,,
707985.jpg,35-1011.00,,,,,,,,,,,,,,,,,,,
613570.png,41-3041.00,,,,,,,,,,,,,,,,,,,
706314.png,39-7012.00,,,,,,,,,,,,,,,,,,,
734727.png,11-2021.00,,,,,,,,,,,,,,,,,,,
604447.png,13-1161.01,,,,,,,,,,,,,,,,,,,
760822.jpg,,,,,,,,,,,,,,,,,,,,
626426.jpg,35-1012.00,11-9051.00,35-3031.00,35-9099.00,35-9011.00,,,,,,,,,,,,,,,
605516.jpg,37-1011.00,,,,,,,,,,,,,,,,,,,
630498.jpg,11-3071.00,,,,,,,,,,,,,,,,,,,
620977.jpg,11-9081.00,,,,,,,,,,,,,,,,,,,
656548.jpg,41-3041.00,,,,,,,,,,,,,,,,,,,
619839.jpg,11-3031.00,,,,,,,,,,,,,,,,,,,
647905.jpg,37-1011.00,,,,,,,,,,,,,,,,,,,
616022.jpg,35-3031.00,35-9031.00,,,,,,,,,,,,,,,,,,
637376.jpg,39-6012.00,,,,,,,,,,,,,,,,,,,
604183.jpg,35-1012.00,35-3011.00,35-3031.00,43-6014.00,,,,,,,,,,,,,,,,
631742.jpg,11-9051.00,,,,,,,,,,,,,,,,,,,
602121.jpg,35-1012.00,35-3011.00,35-3031.00,43-6014.00,,,,,,,,,,,,,,,,
619809.jpg,43-4181.00,,,,,,,,,,,,,,,,,,,
633288.jpg,41-3041.00,,,,,,,,,,,,,,,,,,,
678706.jpg,35-2014.00,35-2014.00,35-2014.00,35-2014.00,35-2014.00,35-2014.00,35-9011.00,35-1012.00,,,,,,,,,,,,
617543.jpg,41-3041.00,,,,,,,,,,,,,,,,,,,
646441.jpg,43-9061.00,,,,,,,,,,,,,,,,,,,
671445.jpg,35-1011.00,,,,,,,,,,,,,,,,,,,
659301.jpg,11-2021.00,11-2032.00,11-2021.00,11-2032.00,,,,,,,,,,,,,,,,
612473.jpg,41-3041.00,,,,,,,,,,,,,,,,,,,
612771.jpg,11-3013.01,11-3012.00,,,,,,,,,,,,,,,,,,
670087.jpg,41-3041.00,,,,,,,,,,,,,,,,,,,
622387.jpg,39-6012.00,,,,,,,,,,,,,,,,,,,
629788.jpg,41-3041.00,,,,,,,,,,,,,,,,,,,
620932.jpg,11-9081.00,,,,,,,,,,,,,,,,,,,
610431.jpg,43-4181.00,,,,,,,,,,,,,,,,,,,
602391.jpg,43-6011.00,,,,,,,,,,,,,,,,,,,
614913.jpg,49-1011.00,35-2014.00,35-2014.00,,,,,,,,,,,,,,,,,
630176.jpg,35-3031.00,,,,,,,,,,,,,,,,,,,
614935.jpg,35-3031.00,35-1012.00,,,,,,,,,,,,,,,,,,
628913.jpg,11-9081.00,,,,,,,,,,,,,,,,,,,
612476.jpg,41-3041.00,,,,,,,,,,,,,,,,,,,
629171.jpg,43-4181.00,,,,,,,,,,,,,,,,,,,
626108.jpg,35-3023.01,,,,,,,,,,,,,,,,,,,
610039.jpg,11-9141.00,,,,,,,,,,,,,,,,,,,
608040.jpg,39-2021.00,,,,,,,,,,,,,,,,,,,
604366.jpg,43-6011.00,,,,,,,,,,,,,,,,,,,
622795.jpg,43-4051.00,,,,,,,,,,,,,,,,,,,
658018.jpg,41-3041.00,,,,,,,,,,,,,,,,,,,
679609.jpg,11-2022.00,11-9051.00,11-9051.00,,13-2011.00,11-9051.00,35-3011.00,35-3031.00,41-2011.00,35-2014.00,35-2014.00,35-2014.00,,,,,,,,
620982.jpg,43-4081.00,,,,,,,,,,,,,,,,,,,
618579.jpg,39-9032.00,31-9011.00,,,,,,,,,,,,,,,,,,
628130.jpg,41-3041.00,,,,,,,,,,,,,,,,,,,
650061.jpg,11-9081.00,,,,,,,,,,,,,,,,,,,
629256.jpg,35-1012.00,,,,,,,,,,,,,,,,,,,
614904.jpg,11-9051.00,,,,,,,,,,,,,,,,,,,
623494.jpg,43-4181.00,,,,,,,,,,,,,,,,,,,
678707.jpg,39-3091.00,,,,,,,,,,,,,,,,,,,
620278.jpg,35-2014.00,35-2014.00,35-2014.00,35-2014.00,,,,,,,,,,,,,,,,
609644.jpg,11-9081.00,,,,,,,,,,,,,,,,,,,
614926.jpg,11-9081.00,,,,,,,,,,,,,,,,,,,
603033.jpg,39-7011.00,,,,,,,,,,,,,,,,,,,
632433.jpg,49-9071.00,49-9021.00,35-3031.00,35-2014.00,,,,,,,,,,,,,,,,
629493.jpg,35-1012.00,35-3011.00,,,,,,,,,,,,,,,,,,
630555.jpg,43-4181.00,,,,,,,,,,,,,,,,,,,
614377.jpg,35-2012.00,,,,,,,,,,,,,,,,,,,
664118.jpg,35-1011.00,35-1011.00,35-2014.00,35-2014.00,35-2014.00,35-2014.00,35-2012.00,,,,,,,,,,,,,
620842.jpg,41-3041.00,,,,,,,,,,,,,,,,,,,
608435.jpg,13-1023.00,,,,,,,,,,,,,,,,,,,
629441.jpg,13-1161.00,,,,,,,,,,,,,,,,,,,
602140.jpg,35-1012.00,35-3031.00,,,,,,,,,,,,,,,,,,
626427.jpg,39-6012.00,,,,,,,,,,,,,,,,,,,
636575.jpg,11-2021.00,,,,,,,,,,,,,,,,,,,
618476.jpg,11-1021.00,,,,,,,,,,,,,,,,,,,
613858.jpg,41-3041.00,,,,,,,,,,,,,,,,,,,
618638.jpg,43-4051.00,,,,,,,,,,,,,,,,,,,
609383.jpg,41-3041.00,,,,,,,,,,,,,,,,,,,
663409.jpg,43-9061.00,,,,,,,,,,,,,,,,,,,
603676.jpg,43-4081.00,,,,,,,,,,,,,,,,,,,
638853.jpg,11-9081.00,,,,,,,,,,,,,,,,,,,
626822.jpg,43-4051.00,,,,,,,,,,,,,,,,,,,
671440.jpg,11-3071.00,,,,,,,,,,,,,,,,,,,
633002.jpg,35-2014.00,35-2014.00,35-2014.00,35-1011.00,37-2012.00,,,,,,,,,,,,,,,
629585.jpg,39-6012.00,,,,,,,,,,,,,,,,,,,
661513.jpg,11-9081.00,,,,,,,,,,,,,,,,,,,
632075.jpg,11-9051.00,,,,,,,,,,,,,,,,,,,
605498.jpg,37-2012.00,,,,,,,,,,,,,,,,,,,
604179.jpg,43-4081.00,,,,,,,,,,,,,,,,,,,
606806.jpg,41-3041.00,,,,,,,,,,,,,,,,,,,
614770.jpg,39-6012.00,,,,,,,,,,,,,,,,,,,
612357.jpg,13-2011.00,,,,,,,,,,,,,,,,,,,
679277.jpg,41-3041.00,,,,,,,,,,,,,,,,,,,
